<?xml version="1.0" encoding="utf-8" standalone="yes" ?>
<?xml-stylesheet type="text/xsl" href="modx.prosilver.en.xsl"?>
<!--For security purposes, please check: http://www.phpbb.com/mods/ for the latest version of this MOD. Although MODs are checked before being allowed in the MODs Database there is no guarantee that there are no security problems within the MOD. No support will be given for MODs not found within the MODs Database which can be found at http://www.phpbb.com/mods/-->
<mod xmlns:xsi="http://www.w3.org/2001/XMLSchema-instance" xmlns="http://www.phpbb.com/mods/xml/modx-1.2.1.xsd">
<header>
	<license>http://opensource.org/licenses/gpl-license.php GNU General Public License v2</license>
	<title lang="en">UMIL - Unified Mod Install Library</title>
	<description lang="en"></description>

	<author-notes lang="en"></author-notes>

	<author-group>
		<author>
			<username>EXreaction</username>
			<realname>Nathan Guse</realname>
			<homepage>http://www.lithiumstudios.org/</homepage>
			<email>exreaction@lithiumstudios.org</email>
		</author>
		<author>
			<username>Highway of Life</username>
			<realname>David Lewis</realname>
			<homepage>http://www.startrekguide.com/</homepage>
			<email>highwayoflife@gmail.com</email>
		</author>
	</author-group>

	<mod-version>1.0.0-RC1</mod-version>

	<installation>
		<level>easy</level>
		<time>60</time>
		<target-version>3.0.3</target-version>
	</installation>

	<history>
		<entry>
			<date>2008-12-00</date>
			<rev-version>1.0.0-RC1</rev-version>
			<changelog lang="en">
				<change>Initial Public Preview Release</change>
			</changelog>
		</entry>
	</history>
</header>

<action-group>
	<copy>
		<file from="root/*.*" to="*.*" />
	</copy>
</action-group>
</mod>